id,label,rationale
95,0,"In the novel, Noirtier maintains a complex but protective relationship with his son Villefort despite political differences. There is no evidence of him engineering Villefort's murder; he focuses on family preservation, such as protecting Valentine."
136,0,"Abbe Faria was arrested around 1807 and remained imprisoned until his death around 1820 in the Château d'If. He did not escape or live freely on an island post-1800."
59,1,"Thalcave's survival skills in harsh terrains like the Andes and Pampas, including navigation and endurance, align with this backstory of escaping captivity and using mountain skills, without contradicting known events."
60,1,"Thalcave is portrayed as a heroic guide who performs rescues, such as saving Thaouka from a flood and aiding the party. A prior avalanche rescue in 1852 fits his character timeline and skills."
124,0,"Faria's backstory is centered in Italy, with his arrest in 1807 in Piombino. There is no mention of him being in Marseille or interacting with characters like Caderousse before imprisonment."
111,1,"Even after paralysis, Noirtier maintains political influence through Bonapartist connections and subtly aids anti-royalist efforts, as seen in his interactions and protections."
135,0,"Faria's arrest occurred around 1807 for activities related to Italian unification. There is no record of a 1796 coup or earlier imprisonment and escape."
27,1,"Ayrton's seafaring origins and resourcefulness align with a tough childhood involving docks and navigation interest, without contradicting his known history as a quartermaster from Glasgow."
110,1,"Noirtier's Girondin and Bonapartist history suggests he would preserve revolutionary documents, fitting his reflective and political nature post-Revolution."
42,1,"Ayrton served as quartermaster on the Britannia, and his later criminal turn suggests a possibly checkered past that could include warnings about instability."
56,1,"Thalcave demonstrates humility and a spiritual connection to the land, refusing rewards and crediting higher forces, as seen when he attributes his services to friendship rather than payment."
80,1,"As a Maori chief known for bravery, an early life involving tactical training, hunts, and loss to raiders fits his cultural and personal development without contradiction."
28,1,"This backstory introduces Ayrton's early exposure to corruption at sea, which aligns with his later betrayal and criminal activities as Ben Joyce."
101,1,"Noirtier's early involvement as a Girondin during the French Revolution matches this description of youthful radicalism in republican cells."
91,1,"Noirtier's political activities include eliminating opponents, as implied in the Quesnel incident, and his later knowledge of poisons fits this secretive role."
24,0,"Paganel is a French scholar who accidentally boarded the Duncan instead of the Scotia bound for India. There is no mention of him proposing trade routes or being recommended for Grant's ship Britannia."
119,1,"Faria was imprisoned in Fenestrelle before transfer to If, and his scholarly pursuits continued there, making writing essays on historical topics plausible."
93,0,"Noirtier's activities during the Hundred Days were more covert and Paris-based, without mention of raising a 'Southern Army' in Marseille or leaving traceable evidence for Villefort."
72,0,"Kai-Koumou's interactions involve direct confrontations and tribal warfare; there is no evidence of training spies or espionage networks targeting Glenarvan in Auckland."
16,0,"Paganel is explicitly a Frenchman affiliated with Paris societies, not born in Calcutta to a British family."
30,1,"Ayrton's criminal evolution includes piracy and acts of vengeance, fitting his ruthless character as Ben Joyce without direct contradiction."
97,0,"Noirtier's familiarity with poisons comes from his medical treatment with brucine, not from experimenting on prisoners."
22,1,"Paganel's enthusiasm for exploration and humanitarianism aligns with aiding anti-colonial efforts and acquiring geographical knowledge through rebel correspondence."
53,1,"Thalcave's deep bond with Thaouka is evident in the novel, and survival skills with herbs fit his Patagonian expertise during taming."
58,0,"Thalcave communicates primarily in Spanish and Araucanian, with no mention of learning Quechua, French, or navigation arithmetic from a mission priest."
81,1,"Kai-Koumou's ferocity against colonizers and interactions with Europeans fit this defensive action against whalers and acquiring Spanish slang."
47,1,"Thalcave's nomadic guiding background could include colonial conflicts and personal loss, such as his father's death, aligning with his skills."
7,1,"Paganel's absent-minded nature and overpacked habits (notebooks, telescope) could stem from a traumatic past expedition where supplies were short."
121,0,"Faria was transferred to If around 1815, while Dantès arrived later; there is no prior connection to Dantès' father or the Pharaon."
129,1,"Faria crafted pens from fish cartilage in prison, aligning with learning such improvisational skills from others."
51,1,"Personal loss and mentorship fit Thalcave's role as a bridge between natives and Europeans, motivating his helpful nature."
127,0,"Faria's total imprisonment was about 13 years (1807-1820), not twenty, though he maintained sanity through calculations."
133,1,"Faria's broad education in sciences and theology supports a fusion of religion and reason in his worldview."
52,1,"Thaouka is described as a tamed and loyal stallion, fitting ancient Tehuelche methods used by Thalcave."
114,0,"Faria's education and life were centered in Rome, not Bologna, with chemistry knowledge from figures like Lavoisier, not alchemical ciphers."
2,1,"Paganel's multilingualism and scholarly curiosity fit an early interest in languages like Latin and Spanish through church experiences."
33,1,"Ayrton's betrayal could stem from ulterior motives like spying on colonization, aligning with his deceptive nature."
15,1,"Paganel's extensive travels and ethnographical knowledge include observational skills for assessing tribal civilization."
82,1,"Survival through resourcefulness and acquiring English fit Kai-Koumou's warrior background and interactions with colonizers."
37,1,"Ayrton's British origins and nautical dreams align with his role as quartermaster on the Britannia."
3,1,"Family strife could explain Paganel's wandering scholarly life and interest in Polynesian charts."
103,1,"Noirtier shifted from radical republican to cautious Bonapartist, growing wary of power's corruption as Napoleon rose."
94,0,"Noirtier's treatment involved brucine, not testing sedatives on political prisoners for leverage."
85,0,"Kai-Koumou's motivations are tribal warfare and revenge against Europeans, not volunteering for ransom pursuits."
21,0,"Paganel is a geographer, not a sailor promoted in the Royal Navy under Grant, who was a captain, not lieutenant."
49,1,"Thalcave's survival skills suggest periods of solitary wilderness living in the Andes, tempering his nerve."
140,1,"Faria's relationships, especially with Dantès, and past connections sustained him through imprisonment."
64,1,"Thalcave's heroic acts include rescues, such as ferrying provisions and saving sailors, fitting his character."
131,0,"Faria is described as a learned Italian from Rome, not explicitly from a declining noble house in 1760."
61,1,"Personal loss like his sister's seizure motivates Thalcave's vow to help those in distress."
86,1,"Kai-Koumou shows honor in dealings, allowing a fragile trust to form with Glenarvan during confrontations."
38,1,"Ayrton's quick temper and disillusionment with authority lead to his repeated discipline and criminal path."
132,1,"Faria's early scholarship in Rome, multilingualism, and publications on history and philosophy align with this background."
77,0,"There is no mention of a rescue by biologist Wallace or a picture book connecting to Glenarvan in Kai-Koumou's story."
70,0,"Kai-Koumou's backstory involves tribal leadership but no marriage to a white princess or execution for betrayal."
115,1,"Faria's broad knowledge, including toxicology, could plausibly include studying Indian texts as a Jesuit novice, though not explicitly stated."
78,1,"Kai-Koumou's royal tribal origins and exposure to violence from a young age fit his cruel and leadership traits."
87,1,"Noirtier's republicanism stems from Revolutionary traumas, such as family executions, leading to revulsion for the old regime."
75,1,"Kai-Koumou's geographical memory and viewing eruptions as punishment align with his anti-colonial warrior role."
44,0,"While Ayrton shows some remorse, there is no mention of a diary or detailed introspection during his isolation on the island."